,Psi,r(Psi),f_mu(Psi),f_sigma(Psi)
0,0.04000000000000001,4.999998561627799,0.9999999893075835,1.0000002769821035
1,0.05197197197197198,4.3864470001980465,0.9999997257527738,1.0000055188617996
2,0.06394394394394395,3.9544264178477584,0.9999977907268628,1.0000364554304597
3,0.07591591591591593,3.6288675051675843,0.9999904201684119,1.0001342719343493
4,0.0878878878878879,3.3718726608963987,0.999971340217973,1.000349764210193
5,0.09985985985985987,3.161975508845155,0.999932587747043,1.0007295968454941
6,0.11183183183183185,2.9860076310484263,0.9998655634414368,1.0013086740346109
7,0.12380380380380382,2.835402777570774,0.9997618443749922,1.0021086326562294
8,0.1357757757757758,2.704329849194142,0.9996136611889895,1.0031395990963976
9,0.14774774774774777,2.588672182361015,0.9994141118222437,1.0044029647067125
10,0.15971971971971974,2.4854344705744955,0.9991572099432603,1.005894050847274
11,0.1716916916916917,2.3923810370679726,0.9988378440588401,1.0076042654655315
12,0.18366366366366368,2.307806259742613,0.9984516956419146,1.009522703169106
13,0.19563563563563566,2.230383912688563,0.9979951438222977,1.0116372706941232
14,0.20760760760760763,2.159065419392397,0.9974651709820662,1.013935448040159
15,0.2195795795795796,2.093009399862749,0.9968592759311266,1.0164047851312261
16,0.23155155155155158,2.031531800443598,0.9961753971550492,1.0190332129089845
17,0.24352352352352355,1.974069894586079,0.9954118464783971,1.0218092272476718
18,0.25549549549549555,1.920155835950903,0.9945672524718029,1.0247219873553426
19,0.2674674674674675,1.8693969187737212,0.9936405125236883,1.027761357743847
20,0.2794394394394395,1.8214606311473536,0.9926307524015512,1.0309179137733075
21,0.29141141141141147,1.776063188279749,0.991537292181054,1.0341829243834701
22,0.30338338338338344,1.7329606294766662,0.9903596175374114,1.0375483211852956
23,0.3153553553553554,1.6919418292024255,0.9890973555284378,1.041006660030275
24,0.3273273273273274,1.652822954835387,0.987750254130345,1.0445510790877184
25,0.33929929929929936,1.6154430303220975,0.9863181649067919,1.048175256036452
26,0.35127127127127133,1.5796603541269398,0.984801028295304,1.0518733660159774
27,0.3632432432432433,1.545349583574782,0.9831988610831428,1.0556400413331632
28,0.3752152152152153,1.5123993437457257,0.9815117457182375,1.0594703334872833
29,0.38718718718718725,1.480710252777516,0.97973982116174,1.0633596777895729
30,0.3991591591591592,1.450193280349932,0.9778832750390266,1.0673038606668608
31,0.4111311311311312,1.4207683747407713,0.9759423368873269,1.0712989896201077
32,0.4231031031031032,1.3923633078820916,0.9739172723321351,1.0753414657358253
33,0.43507507507507515,1.3649126985277285,0.9718083780524894,1.079427958606521
34,0.4470470470470471,1.338357181841328,0.9696159774182644,1.083555383494056
35,0.4590190190190191,1.3126427000503667,0.9673404167012958,1.0877208805643823
36,0.47099099099099107,1.2877198937586931,0.9649820617783275,1.0919217960179235
37,0.48296296296296304,1.263543577379016,0.9625412952561111,1.0961556649514272
38,0.494934934934935,1.2400722852151675,0.9600185139601675,1.1004201957922983
39,0.506906906906907,1.217267877156732,0.9574141267374954,1.1047132561587882
40,0.518878878878879,1.1950951948965953,0.9547285525309871,1.1090328600106671
41,0.5308508508508509,1.1735217611488762,0.9519622186895751,1.1133771559664083
42,0.5428228228228229,1.1525175156118228,0.9491155594833518,1.1177444166741632
43,0.5547947947947949,1.1320545824505859,0.9461890147973144,1.1221330291343834
44,0.5667667667667668,1.11210706491709,0.9431830289811616,1.1265414858814176
45,0.5787387387387388,1.0926508634136818,0.9400980498354795,1.1309683769418628
46,0.5907107107107108,1.0736635138804118,0.9369345277177881,1.1354123824931057
47,0.6026826826826828,1.0551240438539764,0.9336929147536193,1.1398722661561984
48,0.6146546546546547,1.0370128439418482,0.9303736641401591,1.1443468688616574
49,0.6266266266266267,1.019311552781605,0.9269772295314443,1.1488351032340052
50,0.6385985985985987,1.002002953830529,0.9235040644955583,1.1533359484461325
51,0.6505705705705707,0.9850708825617314,0.9199546220355121,1.1578484454994882
52,0.6625425425425426,0.9685001428379945,0.9163293541664935,1.1623716928906764
53,0.6745145145145146,0.9522764313995147,0.9126287115430077,1.1669048426293103
54,0.6864864864864866,0.936386269544371,0.9088531431307123,1.1714470965734785
55,0.6984584584584586,0.9208169411950933,0.9050030959172622,1.1759977030571325
56,0.7104304304304305,0.9055564366538952,0.9010790146585962,1.1805559537802754
57,0.7224024024024025,0.8905934014313451,0.8970813416563661,1.1851211809404956
58,0.7343743743743745,0.8759170896115277,0.893010516563273,1.1896927545840887
59,0.7463463463463464,0.8615173212808485,0.8888669762132452,1.194270080157983
60,0.7583183183183184,0.8473844436048861,0.8846511544739974,1.1988525962445227
61,0.7702902902902904,0.8335092951843778,0.8803634821192283,1.203439772464863
62,0.7822622622622624,0.8198831733666282,0.8760043867187733,1.2080311075353947
63,0.7942342342342343,0.8064978042230948,0.8715742925445844,1.2126261274653312
64,0.8062062062062063,0.7933453149373767,0.8670736204909594,1.217224383883507
65,0.8181781781781783,0.7804182083756185,0.8625027880075271,1.2218254524838907
66,0.8301501501501503,0.7677093396360658,0.8578622090436557,1.2264289315802321
67,0.8421221221221222,0.7552118943962259,0.8531522940031041,1.2310344407611011
68,0.8540940940940942,0.7429193688951394,0.8483734497078452,1.235641619637389
69,0.8660660660660662,0.7308255514051409,0.8435260793701175,1.2402501266750137
70,0.8780380380380381,0.718924505062339,0.8386105825718443,1.2448596381062285
71,0.8900100100100101,0.7072105519382196,0.8336273552506555,1.2494698469134993
72,0.9019819819819821,0.6956782582464719,0.8285767896918255,1.2540804618804204
73,0.9139539539539541,0.684322420589472,0.8234592745254994,1.258691206704645
74,0.925925925925926,0.673138053158151,0.8182751947286621,1.2633018191681746
75,0.937897897897898,0.6621203758066518,0.8130249316311035,1.2679120503613668
76,0.94986986986987,0.6512648029335038,0.8077088629261007,1.2725216639539236
77,0.961841841841842,0.640566933099804,0.8023273626828687,1.2771304355154698
78,0.9738138138138139,0.6300225393324678,0.7968808013634182,1.281738151875129
79,0.9857857857857859,0.619627560055228,0.7913695458414488,1.2863446105220389
80,0.9977577577577579,0.609378090600692,0.7857939594237259,1.2909496190422207
81,1.0097297297297299,0.5992703752591995,0.7801544018735522,1.2955529945895303
82,1.0217017017017018,0.5893007998242975,0.7744512294360854,1.30015456338834
83,1.0336736736736738,0.5794658845981202,0.7686847948652815,1.3047541602657817
84,1.0456456456456458,0.5697622778230881,0.7628554474522667,1.3093516282115334
85,1.0576176176176177,0.5601867495091446,0.7569635330549481,1.313946817963317
86,1.0695895895895897,0.5507361856283236,0.7510093941287023,1.318539587616394
87,1.0815615615615617,0.541407582650761,0.7449933697579963,1.3231298022554536
88,1.0935335335335337,0.5321980423983418,0.7389157956887964,1.327717333607463
89,1.1055055055055056,0.5231047671941181,0.732777004361656,1.3323020597140884
90,1.1174774774774776,0.5141250552873364,0.7265773249453585,1.3368838646224526
91,1.1294494494494496,0.5052562965355143,0.7203170833710204,1.3414626380930519
92,1.1414214214214216,0.49649596832645626,0.7139966023665731,1.3460382753237383
93,1.1533933933933935,0.48784163172437195,0.7076162014915215,1.350610676688787
94,1.1653653653653655,0.47929092782552357,0.7011761971719299,1.3551797474920777
95,1.1773373373373375,0.4708415743098586,0.6946769027355444,1.3597453977335536
96,1.1893093093093094,0.4624913621761497,0.68811862844701,1.3643075418881225
97,1.2012812812812814,0.4542381526490424,0.6815016815431206,1.3688660986962584
98,1.2132532532532534,0.44607987424727324,0.6748263662680513,1.3734209909655914
99,1.2252252252252254,0.4380145200030907,0.6680929839085318,1.3779721453828462
100,1.2371971971971973,0.4300401448232522,0.6613018328286011,1.3825194923360211
101,1.2491691691691693,0.4221548629850211,0.6544532085056407,1.3870629657433973
102,1.2611411411411413,0.4143568457545108,0.6475474035636894,1.3916025028953893
103,1.2731131131131133,0.40664431912567467,0.6405847078088924,1.3961380443006606
104,1.2850850850850852,0.39901556166899155,0.6335654082636553,1.4006695335416712
105,1.2970570570570572,0.3914689024848879,0.6264897892007567,1.4051969171371261
106,1.3090290290290292,0.38400271925562596,0.619358132177192,1.4097201444112337
107,1.3210010010010012,0.376615436390036,0.6121707160677377,1.4142391673694017
108,1.3329729729729731,0.36930552325583327,0.6049278170982165,1.4187539405800018
109,1.344944944944945,0.36207149249461307,0.5976297088784569,1.4232644210618757
110,1.356916916916917,0.35491189841491855,0.5902766624349218,1.4277705681772674
111,1.368888888888889,0.34782533545909233,0.5828689462430081,1.4322723435298834
112,1.380860860860861,0.3408104367398812,0.5754068262590012,1.436769710867803
113,1.392832832832833,0.3338658726430237,0.5678905659516802,1.4412626359909844
114,1.404804804804805,0.3269903494922869,0.5603204263335685,1.4457510866631091
115,1.416776776776777,0.3201826082736258,0.5526966659918162,1.4502350325275553
116,1.428748748748749,0.31344142341536857,0.5450195411187246,1.4547144450272578
117,1.4407207207207209,0.3067656016214837,0.5372893055418905,1.4591892973282736
118,1.4526926926926929,0.30015398075520144,0.529506210753989,1.4636595642468497
119,1.4646646646646648,0.29360542877039064,0.5216705059421736,1.4681252221798122
120,1.4766366366366368,0.28711884268826987,0.513782438017104,1.4725862490381147
121,1.4886086086086088,0.28069314761716596,0.5058422516416006,1.4770426241833747
122,1.5005805805805807,0.27432729581315857,0.497850189258915,1.4814943283672606
123,1.5125525525525527,0.26802026577959587,0.4898064911206351,1.4859413436735647
124,1.5245245245245247,0.26177106140355383,0.48171139531420826,1.4903836534628592
125,1.5364964964964967,0.25557871112744646,0.4735651377900935,1.494821242319576
126,1.5484684684684686,0.24944226715408532,0.4653679523885492,1.4992540960014038
127,1.5604404404404406,0.24336080468356527,0.45712007086603407,1.5036822013909117
128,1.5724124124124126,0.23733342118048956,0.44882172292126243,1.5081055464492361
129,1.5843843843843846,0.23135923567006986,0.44047313622087964,1.5125241201717943
130,1.5963563563563565,0.22543738806177044,0.4320745364247879,1.5169379125458762
131,1.6083283283283285,0.21956703849919362,0.42362614721109926,1.5213469145100627
132,1.6203003003003005,0.21374736673501873,0.41512819030075443,1.5257511179153505
133,1.6322722722722725,0.2079775715298184,0.40658088548176674,1.5301505154879371
134,1.6442442442442444,0.20225687007369408,0.3979844506331395,1.534545100793553
135,1.6562162162162164,0.19658449742967948,0.3893391017484279,1.5389348682032993
136,1.6681881881881884,0.1909597059979428,0.3806450529589567,1.5433198128609054
137,1.6801601601601603,0.18538176499987366,0.37190251655671813,1.5476999306513353
138,1.6921321321321323,0.1798499599807831,0.3631117030163216,1.5520752181713713
139,1.7041041041041043,0.17436359233252252,0.3542728210194108,1.556445672698301
140,1.7160760760760763,0.1689219788301934,0.3453860774735389,1.5608112921656494
141,1.7280480480480482,0.1635244511885759,0.3364516775356284,1.5651720751345117
142,1.7400200200200202,0.1581703556330079,0.3274698246328059,1.5695280207685742
143,1.7519919919919922,0.15285905248576795,0.31844072048335137,1.5738791288096747
144,1.7639639639639642,0.14758991576705555,0.30936456511735355,1.5782253995543347
145,1.7759359359359361,0.14236233280994495,0.30024155689705717,1.5825668338312369
146,1.787907907907908,0.13717570388873201,0.29107189253690985,1.5869034329796008
147,1.79987987987988,0.13202944186012228,0.28185576712331845,1.591235198828417
148,1.811851851851852,0.12692297181672912,0.2725933741341124,1.5955621336764978
149,1.823823823823824,0.12185573075238222,0.2632849054577265,1.59988424027332
150,1.835795795795796,0.11682716723876291,0.25393055141209603,1.604201521800617
151,1.847767767767768,0.11183674111291268,0.24453050076327726,1.608513981854689
152,1.85973973973974,0.10688392317518157,0.23508494074379835,1.6128216244294056
153,1.871711711711712,0.10196819489719547,0.22559405707073565,1.6171244538998673
154,1.8836836836836839,0.09708904813945099,0.21605803396352696,1.6214224750066961
155,1.8956556556556559,0.09224598487816235,0.20647705416153175,1.6257156928409344
156,1.9076276276276278,0.08743851694098864,0.19685129894131925,1.6300041128295277
157,1.9195995995995998,0.08266616575131133,0.18718094813371752,1.634287740721356
158,1.9315715715715718,0.07792846208072492,0.17746618014061116,1.6385665825738003
159,1.9435435435435438,0.07322494580942498,0.1677071719514879,1.642840644739826
160,1.9555155155155157,0.0685551656942007,0.15790409915975342,1.6471099338555473
161,1.9674874874874877,0.06391867914373592,0.1480571359788,1.6513744568282724
162,1.9794594594594597,0.059315052000953515,0.1381664552578516,1.6556342208249861
163,1.9914314314314316,0.05474385833213159,0.12823222849757107,1.65988923326128
164,2.0034034034034036,0.05020468022254602,0.11825462586544451,1.6641395017906884
165,2.0153753753753754,0.04569710757839847,0.10823381621094622,1.6683850342944233
166,2.0273473473473476,0.041220737934798066,0.09816996708048382,1.6726258388714939
167,2.0393193193193193,0.03677517626957334,0.08806324473212046,1.6768619238292022
168,2.0512912912912915,0.0323600348227137,0.07791381415010036,1.6810932976739716
169,2.0632632632632637,0.02797493292122685,0.06772183905915659,1.68531996910253
170,2.0752352352352355,0.02361949680922118,0.05748748193860948,1.6895419469934203
171,2.087207207207207,0.019293359483034202,0.047210904036275626,1.6937592403988133
172,2.0991791791791794,0.014996160531220257,0.036892265382170476,1.697971858536626
173,2.1111511511511516,0.010727545979232898,0.0265317248020224,1.7021798107829285
174,2.1231231231231233,0.006487168138631267,0.01612943993058504,1.7063831066646356
175,2.135095095095095,0.0022746854606606123,0.005685567224768684,1.710581755852454
176,2.1470670670670673,-0.0019102376059473183,-0.004799738023414081,1.7147757681540963
177,2.1590390390390395,-0.006067930753098574,-0.015326321674084755,1.7189651535077317
178,2.1710110110110112,-0.010198717947527913,-0.02589403072692157,1.723149921975687
179,2.182982982982983,-0.014302917561184288,-0.03650271330875133,1.7273300837383694
180,2.194954954954955,-0.01838084249794326,-0.0471522186613176,1.7315056490884067
181,2.2069269269269274,-0.022432800316769128,-0.0578423971292211,1.7356766284250054
182,2.218898898898899,-0.02645909335144364,-0.06857310014802544,1.7398430322485101
183,2.230870870870871,-0.03046001882697644,-0.07934418023252818,1.7440048711551555
184,2.242842842842843,-0.034435868972808314,-0.0901554909651991,1.7481621558320144
185,2.2548148148148153,-0.038386931132910626,-0.10100688698477771,1.7523148970521265
186,2.266786786786787,-0.042313487872877864,-0.11189822397501488,1.756463105669789
187,2.2787587587587588,-0.046215817084125574,-0.12282935865359718,1.7606067926160427
188,2.290730730730731,-0.05009419208526465,-0.13380014876118765,1.7647459688942888
189,2.302702702702703,-0.053948881720766444,-0.14481045305064807,1.7688806455760862
190,2.314674674674675,-0.057780150456990094,-0.15586013127639703,1.7730108337970967
191,2.3266466466466467,-0.061588258475656854,-0.16694904418390344,1.777136544753159
192,2.338618618618619,-0.06537346176521774,-0.17807705350039343,1.7812577896973447
193,2.350590590590591,-0.06913601220812086,-0.18924402192066195,1.7853745799332181
194,2.362562562562563,-0.07287615766902916,-0.20044981310262977,1.7894869268157287
195,2.3745345345345346,-0.07659414207765905,-0.21169429165383524,1.7935948417450343
196,2.3865065065065068,-0.08029020551095252,-0.22297732312248075,1.797698336163911
197,2.398478478478479,-0.08396458427284878,-0.23429877398775395,1.8017974215546
198,2.4104504504504507,-0.08761751097201355,-0.24565851165028166,1.805892109435778
199,2.4224224224224224,-0.09124921459758825,-0.2570564044227137,1.8099824113596312
200,2.4343943943943946,-0.09485992059301845,-0.2684923215204322,1.814068338909038
201,2.446366366366367,-0.09844985092801609,-0.27996613305237367,1.8181499036948428
202,2.4583383383383386,-0.10201922416872096,-0.29147771001199174,1.8222271173532434
203,2.4703103103103103,-0.10556825554610201,-0.30302692426831557,1.8262999915432536
204,2.4822822822822825,-0.10909715702266547,-0.3146136485571493,1.830368537944272
205,2.4942542542542547,-0.1126061373575084,-0.3262377564723749,1.8344327682537336
206,2.5062262262262265,-0.11609540216976943,-0.337899122457363,1.8384926941848392
207,2.5181981981981982,-0.11956515400052851,-0.3495976217965087,1.8425483274643728
208,2.5301701701701704,-0.12301559237319788,-0.36133313060688077,1.846599679830606
209,2.5421421421421426,-0.12644691385244042,-0.3731055258299531,1.8506467630312564
210,2.5541141141141144,-0.12985931210167373,-0.3849146852234743,1.854689588821538
211,2.566086086086086,-0.13325297793918842,-0.39676048735343017,1.8587281689622823
212,2.5780580580580583,-0.13662809939292012,-0.40864281158609667,1.8627625152181089
213,2.5900300300300305,-0.13998486175392377,-0.4205615380802177,1.8667926393556864
214,2.6020020020020023,-0.14332344762857674,-0.43251654777927007,1.8708185531420438
215,2.613973973973974,-0.1466440369895506,-0.44450772240382824,1.874840268342943
216,2.625945945945946,-0.14994680722558712,-0.45653494444402976,1.8788577967213171
217,2.6379179179179184,-0.15323193319010914,-0.46859809715213196,1.882871150035761
218,2.64988988988989,-0.15649958724870247,-0.48069706453516897,1.8868803400390808
219,2.661861861861862,-0.1597499393254954,-0.4928317313476928,1.8908853784768913
220,2.673833833833834,-0.16298315694847182,-0.5050019830846171,1.8948862770862756
221,2.6858058058058063,-0.16619940529374297,-0.5172077059741454,1.8988830475944878
222,2.697777777777778,-0.16939884722880616,-0.5294487869707833,1.9028757017177027
223,2.70974974974975,-0.1725816433548194,-0.541725113748437,1.906864251159811
224,2.721721721721722,-0.1757479520479259,-0.5540365746936261,1.9108487076112777
225,2.733693693693694,-0.1788979294996326,-0.5663830588987261,1.9148290827480117
226,2.745665665665666,-0.18203172975629686,-0.5787644561553504,1.9188053882303089
227,2.7576376376376377,-0.18514950475772238,-0.5911806569477824,1.9227776357018207
228,2.76960960960961,-0.1882514043748983,-0.603631552446496,1.9267458367885624
229,2.781581581581582,-0.19133757644690266,-0.6161170345017568,1.9307100030979627
230,2.793553553553554,-0.1944081668169911,-0.6286369956373007,1.9346701462179512
231,2.8055255255255256,-0.19746331936789255,-0.6411913290440863,1.938626277716074
232,2.817497497497498,-0.2005031760563367,-0.6537799285741392,1.9425784091386589
233,2.82946946946947,-0.20352787694682373,-0.6664026887344479,1.946526552009999
234,2.8414414414414417,-0.20653756024466557,-0.6790595046809473,1.950470717831572
235,2.8534134134134135,-0.2095323623283143,-0.6917502722125788,1.9544109180812987
236,2.8653853853853857,-0.2125124177809924,-0.7044748877654098,1.9583471642128225
237,2.877357357357358,-0.21547785942164852,-0.7172332484068324,1.9622794676548223
238,2.8893293293293296,-0.21842881833525188,-0.7300252518298285,1.9662078398103495
239,2.9013013013013014,-0.22136542390244468,-0.7428507963473093,1.9701322920562034
240,2.9132732732732736,-0.22428780382856606,-0.7557097808865132,1.9740528357423195
241,2.9252452452452458,-0.22719608417206485,-0.7686021049834715,1.9779694821911857
242,2.9372172172172175,-0.23009038937231882,-0.781527668777551,1.9818822426972955
243,2.9491891891891893,-0.23297084227687082,-0.7944863730060508,1.9857911285266114
244,2.9611611611611615,-0.23583756416809695,-0.8074781189988552,1.989696150916049
245,2.9731331331331337,-0.2386906747893286,-0.8205028086731795,1.9935973210730067
246,2.9851051051051054,-0.24153029237042667,-0.8335603445283378,1.997494650174886
247,2.997077077077077,-0.24435653365283783,-0.8466506296406033,2.001388149368653
248,3.0090490490490494,-0.2471695139141336,-0.8597735676581125,2.005277829770416
249,3.0210210210210215,-0.24996934699205153,-0.8729290627958365,2.009163702465019
250,3.0329929929929933,-0.25275614530804674,-0.8861170198306054,2.0130457785056595
251,3.044964964964965,-0.2555300198903681,-0.8993373440961927,2.0169240689135175
252,3.0569369369369372,-0.25829108039666826,-0.9125899414784527,2.0207985846774053
253,3.0689089089089094,-0.26103943513616334,-0.9258747184105282,2.0246693367534436
254,3.080880880880881,-0.2637751910913431,-0.9391915818680813,2.0285363360647315
255,3.092852852852853,-0.26649845393925975,-0.9525404393646314,2.0323995935010664
256,3.104824824824825,-0.26920932807238235,-0.9659211989468881,2.036259119918642
257,3.1167967967967973,-0.2719079166190457,-0.9793337691901678,2.0401149261397853
258,3.128768768768769,-0.27459432146349944,-0.992778059193875,2.043967022952706
259,3.140740740740741,-0.2772686432655579,-1.0062539785770042,2.0478154211112543
260,3.152712712712713,-0.27993098147986845,-1.0197614374737056,2.051660131334686
261,3.1646846846846852,-0.28258143437480854,-1.0333003465289146,2.0555011643074597
262,3.176656656656657,-0.28522009905100976,-1.0468706168940005,2.0593385306790273
263,3.1886286286286287,-0.2878470714595337,-1.06047216022251,2.0631722410636546
264,3.200600600600601,-0.29046244641968494,-1.07410488866589,2.06700230604023
265,3.212572572572573,-0.29306631763649715,-1.0877687148693331,2.07082873615211
266,3.224544544544545,-0.29565877771787497,-1.1014635519676166,2.0746515419069635
267,3.2365165165165166,-0.29823991819141515,-1.1151893135810147,2.078470733776627
268,3.248488488488489,-0.300809829521275,-1.1289459138132203,2.08228632219807
269,3.260460460460461,-0.30336860112294206,-1.1427332672397306,2.0860983175690393
270,3.2724324324324328,-0.30591632138116953,-1.1565512889148584,2.0899067302540595
271,3.2844044044044045,-0.30845307766424623,-1.1703998943607752,2.0937115705804006
272,3.2963763763763767,-0.31097895633960776,-1.1842789995653193,2.097512848838928
273,3.308348348348349,-0.31349404278884935,-1.1981885209781673,2.1013105752840167
274,3.3203203203203207,-0.31599842142245793,-1.21212837550704,2.105104760133474
275,3.3322922922922924,-0.31849217569427524,-1.2260984805139612,2.1088954135684723
276,3.3442642642642646,-0.32097538811569143,-1.2400987538115444,2.11268254573349
277,3.356236236236237,-0.32344814026957447,-1.2541291136592925,2.1164661667362368
278,3.3682082082082085,-0.3259105128239587,-1.268189478760019,2.120246286647642
279,3.3801801801801803,-0.328362585545468,-1.282279768256212,2.12402291550178
280,3.3921521521521525,-0.33080443731250675,-1.2963999017265067,2.1277960632958623
281,3.4041241241241247,-0.3332361461282051,-1.3105497991821524,2.1315657399901986
282,3.4160960960960964,-0.3356577891331372,-1.3247293810635485,2.1353319555081804
283,3.428068068068068,-0.33806944261780647,-1.3389385682368007,2.1390947197362715
284,3.4400400400400404,-0.34047118203490767,-1.3531772819903043,2.1428540425239917
285,3.4520120120120126,-0.3428630820113743,-1.3674454440313948,2.146609933683925
286,3.4639839839839843,-0.34524521636020744,-1.381742976483002,2.1503624029917185
287,3.475955955955956,-0.34761765809209816,-1.3960698018803601,2.1541114601860922
288,3.4879279279279283,-0.34998047942684246,-1.410425843167739,2.1578571149688552
289,3.4998998998999005,-0.3523337518045571,-1.4248110236952167,2.1615993770049244
290,3.511871871871872,-0.35467754589669986,-1.4392252672154922,2.1653382559223484
291,3.523843843843844,-0.3570119316168926,-1.453668497880706,2.169073761312337
292,3.535815815815816,-0.3593369781315635,-1.4681406402393369,2.1728059027293
293,3.5477877877877884,-0.36165275387039725,-1.482641619233085,2.1765346896908775
294,3.55975975975976,-0.3639593265366087,-1.4971713601938148,2.1802601316779864
295,3.571731731731732,-0.366256763117037,-1.511729788840515,2.183982238134865
296,3.583703703703704,-0.36854512989207294,-1.5263168312763247,2.1877010184691312
297,3.5956756756756763,-0.3708244924454037,-1.5409324139855198,2.1914164820518223
298,3.607647647647648,-0.3730949156736049,-1.555576463830607,2.1951286382174637
299,3.6196196196196198,-0.3753564637955624,-1.57024890804941,2.198837496264133
300,3.631591591591592,-0.3776092003617338,-1.5849496742521731,2.2025430654535136
301,3.643563563563564,-0.37985318826325504,-1.5996786904187135,2.2062453550109637
302,3.655535535535536,-0.38208848974089693,-1.614435884895613,2.2099443741255995
303,3.6675075075075076,-0.3843151663938679,-1.6292211863934276,2.213640131950363
304,3.67947947947948,-0.3865332791884665,-1.644034523983893,2.2173326376020914
305,3.691451451451452,-0.38874288846659727,-1.6588758270972195,2.2210219001616074
306,3.703423423423424,-0.3909440539541367,-1.6737450255193518,2.2247079286737916
307,3.7153953953953955,-0.3931368347691707,-1.6886420493893246,2.228390732147683
308,3.7273673673673677,-0.39532128943008427,-1.7035668291965687,2.2320703195565472
309,3.73933933933934,-0.39749747586352857,-1.718519295778312,2.2357466998379842
310,3.7513113113113117,-0.3996654514122485,-1.7334993803169478,2.239419881894007
311,3.7632832832832834,-0.4018252728427892,-1.7485070143374755,2.243089874591139
312,3.7752552552552556,-0.4039769963530747,-1.7635421297049556,2.2467566867605187
313,3.787227227227228,-0.40612067757986114,-1.7786046586219684,2.2504203271979915
314,3.7991991991991996,-0.4082563716060702,-1.7936945336261083,2.2540808046642056
315,3.8111711711711713,-0.4103841329680076,-1.8088116875875275,2.2577381278847253
316,3.8231431431431435,-0.41250401566246064,-1.8239560537064672,2.2613923055501277
317,3.8351151151151157,-0.4146160731536839,-1.8391275655108286,2.2650433463161064
318,3.8470870870870875,-0.41672035838027394,-1.8543261568537779,2.2686912588035866
319,3.859059059059059,-0.418816923761933,-1.8695517619113555,2.2723360515988276
320,3.8710310310310314,-0.42090582120612585,-1.8848043151801241,2.2759777332535363
321,3.8830030030030036,-0.42298710211463103,-1.9000837514748303,2.2796163122849786
322,3.8949749749749754,-0.4250608173899869,-1.915390005926082,2.2832517971760895
323,3.906946946946947,-0.42712701744184084,-1.9307230139780784,2.2868841963755915
324,3.9189189189189193,-0.4291857521931935,-1.9460827113863297,2.290513518298112
325,3.9308908908908915,-0.43123707108654596,-1.9614690342153969,2.2941397713242884
326,3.9428628628628632,-0.43328102308995786,-1.9768819188367064,2.2977629638009076
327,3.954834834834835,-0.43531765670299755,-1.9923213019262889,2.301383104040998
328,3.966806806806807,-0.4373470199626146,-2.0077871204626425,2.3050002003239696
329,3.9787787787787794,-0.43936916044891317,-2.0232793117245587,2.308614260895731
330,3.990750750750751,-0.44138412529083687,-2.0387978132889684,2.3122252939688046
331,4.002722722722723,-0.44339196117176943,-2.0543425630288406,2.31583330772246
332,4.014694694694695,-0.4453927143350447,-2.0699134991110553,2.3194383103028207
333,4.026666666666667,-0.44738643058937655,-2.0855105599943338,2.3230403098230026
334,4.038638638638639,-0.4493731553142083,-2.101133684427206,2.3266393143632444
335,4.050610610610611,-0.45135293346497074,-2.116782811445914,2.3302353319710116
336,4.062582582582583,-0.4533258095782702,-2.132457880372419,2.333828370661137
337,4.074554554554555,-0.45529182777699684,-2.148158830812404,2.3374184384159498
338,4.086526526526527,-0.45725103177534915,-2.163885602653258,2.3410055431853904
339,4.098498498498499,-0.4592034648837959,-2.1796381360621595,2.3445896928871606
340,4.110470470470471,-0.46114917001394573,-2.1954163714840584,2.348170895406822
341,4.122442442442443,-0.46308818968336285,-2.2112202496398057,2.3517491585979484
342,4.134414414414414,-0.46502056602029684,-2.227049711524199,2.355324490282241
343,4.146386386386387,-0.46694634076835045,-2.2429046984041103,2.358896898249668
344,4.158358358358359,-0.46886555529107615,-2.2587851518166087,2.362466390258589
345,4.170330330330331,-0.4707782505765011,-2.2746910135670784,2.366032974035886
346,4.182302302302303,-0.4726844672415933,-2.290622225727408,2.369596657277097
347,4.1942742742742745,-0.4745842455366504,-2.306578730634107,2.3731574476465305
348,4.206246246246247,-0.4764776253496393,-2.322560470886561,2.376715352777424
349,4.218218218218219,-0.47836464621046015,-2.338567389345199,2.3802703802720515
350,4.23019019019019,-0.4802453472951543,-2.35459942912973,2.3838225377018696
351,4.242162162162162,-0.48211976743004653,-2.370656533617357,2.387371832607633
352,4.2541341341341345,-0.4839879450958347,-2.386738646441067,2.390918272499542
353,4.266106106106107,-0.48584991843161246,-2.4028457114878696,2.3944618648573632
354,4.278078078078079,-0.4877057252388413,-2.4189776728971157,2.398002617130571
355,4.29005005005005,-0.4895554029852576,-2.435134475058759,2.401540536738467
356,4.302022022022022,-0.4913989888087309,-2.451316062611698,2.4050756310703174
357,4.313993993993995,-0.4932365195210646,-2.4675223804421087,2.4086079074854907
358,4.325965965965966,-0.4950680316117393,-2.4837533736817643,2.4121373733135734
359,4.337937937937938,-0.4968935612516102,-2.500008987706435,2.415664035854523
360,4.34990990990991,-0.49871314429654423,-2.516289168134226,2.4191879023787757
361,4.3618818818818825,-0.5005268162910119,-2.5325938608239955,2.4227089801273998
362,4.373853853853855,-0.5023346124716237,-2.5489230118737267,2.426227276312206
363,4.385825825825826,-0.504136567770623,-2.565276567618987,2.4297427981158983
364,4.397797797797798,-0.5059327168193231,-2.581654474631322,2.43325555269219
365,4.40976976976977,-0.5077230939515016,-2.598056679716726,2.436765547165942
366,4.421741741741742,-0.5095077332067435,-2.6144831299140785,2.4402727886332882
367,4.433713713713714,-0.5112866683337437,-2.6309337724936523,2.443777284161777
368,4.445685685685686,-0.513059932793555,-2.647408554955557,2.447279040790487
369,4.457657657657658,-0.5148275597627994,-2.663907425028263,2.4507780655301614
370,4.4696296296296305,-0.5165895821368313,-2.680430330667113,2.454274365363346
371,4.481601601601602,-0.5183460325328567,-2.696977220052837,2.457767947244509
372,4.493573573573574,-0.520096943293013,-2.7135480415901005,2.4612588181001755
373,4.505545545545546,-0.5218423464877644,-2.7301427439094974,2.464746984830457
374,4.5175175175175175,-0.5235822739174901,-2.746761275852727,2.46823245430373
375,4.52948948948949,-0.5253167571174892,-2.763403586490668,2.4717152333647103
376,4.541461461461462,-0.5270458273595645,-2.7800696251093466,2.4751953288294346
377,4.553433433433434,-0.5287695156552181,-2.796759341211577,2.47867274748663
378,4.565405405405406,-0.530487852758489,-2.8134726845156073,2.482147496097854
379,4.577377377377378,-0.532200869168747,-2.8302096049537075,2.4856195813976103
380,4.58934934934935,-0.5339085951334563,-2.846970052670839,2.489089010093486
381,4.601321321321322,-0.5356110606508958,-2.8637539780232877,2.492555788866274
382,4.613293293293293,-0.5373082954728432,-2.8805613315772947,2.49601992437009
383,4.6252652652652655,-0.5390003291072287,-2.8973920641077613,2.499481423232509
384,4.637237237237238,-0.5406871908207509,-2.9142461265969324,2.5029402920546966
385,4.64920920920921,-0.542368909641455,-2.9311234702330693,2.5063965374115216
386,4.661181181181182,-0.5440455143612788,-2.948024046409139,2.5098501658516756
387,4.673153153153153,-0.545717033538569,-2.9649478067215735,2.513301183897823
388,4.685125125125126,-0.5473834955005564,-2.9818947029689333,2.5167495980466876
389,4.697097097097098,-0.5490449283458082,-2.9988646871507005,2.5201954147692116
390,4.709069069069069,-0.5507013599466394,-3.0158577114659835,2.5236386405106557
391,4.721041041041041,-0.5523528179515015,-3.0328737283123197,2.52707928169074
392,4.7330130130130135,-0.5539993297873265,-3.04991269028435,2.5305173447037346
393,4.744984984984986,-0.5556409226618614,-3.0669745501727252,2.5339528359186265
394,4.756956956956958,-0.5572776235659473,-3.084059260962757,2.5373857616791935
395,4.768928928928929,-0.5589094592757942,-3.1011667758333306,2.540816128304165
396,4.780900900900901,-0.5605364563552053,-3.1182970481556342,2.544243942087318
397,4.792872872872874,-0.5621586411577854,-3.135450031491997,2.5476692092976
398,4.804844844844845,-0.5637760398291187,-3.152625679594738,2.551091936179261
399,4.816816816816817,-0.5653886783089154,-3.1698239464049762,2.5545121289519637
400,4.828788788788789,-0.5669965823331319,-3.1870447860514663,2.557929793810892
401,4.8407607607607614,-0.5685997774360669,-3.2042881528494753,2.561344936926887
402,4.852732732732734,-0.5701982889524321,-3.22155400129967,2.564757564446565
403,4.864704704704705,-0.571792142019384,-3.238842286086901,2.568167682492408
404,4.876676676676677,-0.5733813615785501,-3.2561529620791854,2.571575297162914
405,4.888648648648649,-0.5749659723780144,-3.2734859843265505,2.5749804145326958
406,4.900620620620621,-0.576545998974279,-3.2908413080598966,2.5783830406525845
407,4.912592592592593,-0.5781214657342156,-3.308218888690026,2.581783181549789
408,4.924564564564565,-0.579692396836968,-3.3256186818064,2.5851808432279504
409,4.936536536536537,-0.581258816275856,-3.3430406431762054,2.5885760316673085
410,4.948508508508509,-0.5828207478602357,-3.360484728743188,2.5919687528247786
411,4.960480480480481,-0.5843782152173529,-3.377950894626675,2.595359012634095
412,4.972452452452453,-0.5859312417941585,-3.395439097120463,2.5987468170058943
413,4.984424424424425,-0.5874798508591129,-3.4129492926918097,2.6021321718278494
414,4.996396396396396,-0.5890240655039632,-3.4304814379803994,2.605515082964771
415,5.008368368368369,-0.5905639086455005,-3.448035489797333,2.608895556258733
416,5.020340340340341,-0.5920994030272901,-3.4656114051240636,2.612273597529153
417,5.032312312312313,-0.5936305712213906,-3.4832091411114483,2.615649212572936
418,5.044284284284285,-0.5951574356300435,-3.5008286550787266,2.61902240716457
419,5.0562562562562565,-0.5966800184873424,-3.518469904512496,2.622393187056227
420,5.068228228228229,-0.5981983418608894,-3.5361328470657796,2.6257615579778846
421,5.080200200200201,-0.5997124276534236,-3.553817440557023,2.6291275256374314
422,5.092172172172172,-0.6012222976044314,-3.571523642969108,2.632491095720765
423,5.104144144144144,-0.6027279732917447,-3.5892514124484647,2.6358522738919237
424,5.116116116116117,-0.6042294761331036,-3.6070007073039894,2.6392110657931522
425,5.128088088088089,-0.6057268273877223,-3.6247714860062428,2.642567477045056
426,5.140060060060061,-0.6072200481578167,-3.642563707186417,2.6459215132466722
427,5.152032032032032,-0.6087091593901226,-3.6603773296354207,2.649273179975586
428,5.1640040040040045,-0.6101941818773967,-3.6782123123029717,2.652622482788036
429,5.175975975975977,-0.6116751362598972,-3.696068614296679,2.6559694272190213
430,5.187947947947948,-0.613152043026849,-3.7139461948811467,2.65931401878241
431,5.19991991991992,-0.6146249225178808,-3.7318450134769683,2.6626562629710038
432,5.211891891891892,-0.6160937949244677,-3.74976502965999,2.6659961652567015
433,5.223863863863865,-0.6175586802913359,-3.767706203160327,2.6693337310905636
434,5.235835835835837,-0.6190195985178586,-3.7856684938614915,2.6726689659029206
435,5.247807807807808,-0.6204765693594347,-3.803651861799502,2.6760018751034664
436,5.25977977977978,-0.621929612428855,-3.821656267162062,2.6793324640813814
437,5.2717517517517525,-0.6233787471976453,-3.839681670287639,2.682660738205403
438,5.283723723723724,-0.6248239929974004,-3.857728031664649,2.685986702823951
439,5.295695695695696,-0.626265369021102,-3.875795311930622,2.6893103632652204
440,5.307667667667668,-0.627702894324415,-3.893883471871317,2.6926317248372755
441,5.31963963963964,-0.6291365878269708,-3.9119924724198487,2.695950792828129
442,5.331611611611613,-0.6305664683136497,-3.9301222746560045,2.6992675725058963
443,5.343583583583584,-0.6319925544358224,-3.9482728398052402,2.702582069118823
444,5.355555555555556,-0.6334148647126011,-3.9664441292379853,2.705894287895433
445,5.367527527527528,-0.634833417532066,-3.98463610446881,2.7092042340446096
446,5.3794994994995,-0.6362482311524706,-4.002848727155532,2.712511912755669
447,5.391471471471472,-0.6376593237034527,-4.021081959098555,2.7158173291984933
448,5.403443443443444,-0.6390667131872095,-4.039335762239945,2.7191204885235947
449,5.415415415415416,-0.6404704174796783,-4.0576100986627495,2.7224213958622316
450,5.427387387387388,-0.6418704543316908,-4.0759049305901565,2.7257200563264923
451,5.43935935935936,-0.6432668413701174,-4.094220220384702,2.72901647500938
452,5.451331331331332,-0.644659596099003,-4.1125559305475345,2.7323106569849167
453,5.463303303303304,-0.6460487359006876,-4.130912023717658,2.7356026073082393
454,5.475275275275275,-0.6474342780369101,-4.14928846267114,2.738892331015681
455,5.4872472472472476,-0.6488162396499055,-4.167685210320364,2.742179833124865
456,5.49921921921922,-0.6501946377634881,-4.186102229713301,2.745465118634797
457,5.511191191191192,-0.6515694892841194,-4.204539484032746,2.7487481925259596
458,5.523163163163164,-0.6529408110019722,-4.2229969365956235,2.7520290597604062
459,5.535135135135135,-0.6543086195919674,-4.241474550852143,2.7553077252818166
460,5.547107107107108,-0.6556729316148204,-4.259972290385224,2.758584194015638
461,5.55907907907908,-0.6570337635180556,-4.278490118909643,2.7618584708691305
462,5.571051051051051,-0.6583911316370276,-4.297028000271435,2.7651305607314893
463,5.583023023023023,-0.659745052195911,-4.315585898447045,2.7684004684738928
464,5.5949949949949955,-0.6610955413087046,-4.334163777542795,2.7716681989496426
465,5.606966966966968,-0.662442614980195,-4.352761601793975,2.7749337569941837
466,5.61893893893894,-0.6637862891069376,-4.371379335564333,2.778197147425252
467,5.630910910910911,-0.6651265794782095,-4.390016943345292,2.7814583750429285
468,5.642882882882883,-0.6664635017769553,-4.408674389755262,2.7847174446297247
469,5.654854854854856,-0.6677970715807273,-4.427351639538995,2.787974360950678
470,5.666826826826827,-0.6691273043626116,-4.4460486575668945,2.7912291287534354
471,5.678798798798799,-0.6704542154921399,-4.46476540883429,2.794481752768314
472,5.690770770770771,-0.6717778202362071,-4.483501858460898,2.797732237708432
473,5.7027427427427435,-0.6730981337599583,-4.502257971690033,2.8009805882697427
474,5.714714714714716,-0.6744151711276813,-4.521033713888029,2.804226809131152
475,5.726686686686687,-0.6757289473036807,-4.53982905054352,2.807470904954572
476,5.738658658658659,-0.67703947715315,-4.558643947266858,2.810712880385025
477,5.750630630630631,-0.678346775443027,-4.577478369789402,2.8139527400507047
478,5.762602602602603,-0.6796508568428519,-4.596332283963016,2.817190488563102
479,5.774574574574575,-0.6809517359255938,-4.615205655759222,2.8204261305170126
480,5.786546546546547,-0.682249427168495,-4.6340984512687475,2.823659670490681
481,5.798518518518519,-0.6835439449538885,-4.653010636700813,2.82689111304584
482,5.8104904904904915,-0.684835303570014,-4.671942178382562,2.830120462727821
483,5.822462462462463,-0.6861235172118202,-4.69089304275837,2.8333477240655984
484,5.834434434434435,-0.6874085999817668,-4.7098631963893265,2.8365729015719023
485,5.846406406406407,-0.6886905658906114,-4.728852605952574,2.8397959997432762
486,5.8583783783783785,-0.6899694288581875,-4.747861238240702,2.8430170230601606
487,5.870350350350351,-0.6912452027141763,-4.766889060161113,2.8462359759869473
488,5.882322322322323,-0.6925179011988767,-4.785936038735531,2.849452862972101
489,5.894294294294295,-0.693787537963954,-4.805002141099301,2.852667688448198
490,5.906266266266267,-0.6950541265731957,-4.824087334500906,2.8558804568320246
491,5.918238238238239,-0.6963176805032417,-4.843191586301241,2.8590911725246237
492,5.930210210210211,-0.6975782131443281,-4.862314863973195,2.8622998399114072
493,5.942182182182183,-0.6988357378010027,-4.881457135100932,2.865506463362192
494,5.954154154154154,-0.7000902676928518,-4.900618367379468,2.8687110472313204
495,5.9661261261261265,-0.7013418159551992,-4.919798528613926,2.871913595857674
496,5.978098098098099,-0.7025903956398194,-4.938997586719127,2.8751141135648006
497,5.990070070070071,-0.7038360197156277,-4.958215509718964,2.8783126046609615
498,6.002042042042043,-0.7050787010693692,-4.977452265745842,2.881509073439207
499,6.014014014014014,-0.7063184525063008,-4.99670782304013,2.8847035241774455
500,6.025985985985987,-0.7075552867508632,-5.015982149949603,2.8878959611385175
501,6.037957957957959,-0.7087892164473577,-5.035275214929007,2.891086388570295
502,6.04992992992993,-0.7100202541605874,-5.054586986539247,2.894274810705672
503,6.061901901901902,-0.7112484123765352,-5.073917433447199,2.8974612317627426
504,6.0738738738738745,-0.7124737035029924,-5.093266524424908,2.900645655944789
505,6.085845845845847,-0.7136961398702076,-5.112634228349168,2.903828087440383
506,6.097817817817819,-0.7149157337315211,-5.1320205142010025,2.907008530423457
507,6.10978978978979,-0.7161324972639872,-5.151425351065066,2.910186989053356
508,6.121761761761762,-0.717346442569005,-5.170848708129246,2.9133634674749334
509,6.1337337337337345,-0.7185575816729239,-5.190290554684023,2.9165379698185894
510,6.145705705705706,-0.7197659265276564,-5.209750860122002,2.9197105002003525
511,6.157677677677678,-0.7209714890112875,-5.229229593937488,2.9228810627219617
512,6.16964964964965,-0.722174280928661,-5.248726725725862,2.926049661470917
513,6.181621621621622,-0.7233743140119724,-5.268242225183045,2.929216300520516
514,6.193593593593595,-0.7245715999213634,-5.287776062105202,2.9323809839299932
515,6.205565565565566,-0.7257661502454897,-5.307328206388026,2.9355437157445183
516,6.217537537537538,-0.7269579765021003,-5.326898628026361,2.9387044999952923
517,6.22950950950951,-0.7281470901386053,-5.346487297113719,2.941863340699621
518,6.241481481481482,-0.7293335025326377,-5.366094183841753,2.9450202418609615
519,6.253453453453454,-0.7305172249929878,-5.385719258506076,2.948175207470907
520,6.265425425425426,-0.7316982687586662,-5.405362491481089,2.9513282415017357
521,6.277397397397398,-0.7328766450016374,-5.42502385325576,2.9544793479175135
522,6.28936936936937,-0.7340523648259367,-5.4447033144095895,2.957628530666982
523,6.301341341341342,-0.7352254392685491,-5.464400845617796,2.960775793685338
524,6.313313313313314,-0.7363958792999374,-5.484116417650872,2.9639211408943167
525,6.325285285285286,-0.7375636958245743,-5.503850001374188,2.9670645762022616
526,6.337257257257257,-0.7387288996814549,-5.5236015677474635,2.970206103504175
527,6.34922922922923,-0.7398915016446137,-5.5433710878242985,2.973345726681772
528,6.361201201201202,-0.7410515124236372,-5.563158532751815,2.9764834496035713
529,6.373173173173174,-0.742208942664165,-5.582963873770126,2.979619276124937
530,6.385145145145146,-0.743363802948391,-5.602787082211899,2.9827532100881364
531,6.3971171171171175,-0.7445161037955526,-5.622628129501841,2.985885255322387
532,6.40908908908909,-0.7456658556624328,-5.6424869871564365,2.9890154156439634
533,6.421061061061062,-0.7468130689438353,-5.662363626783335,2.9921436948562143
534,6.433033033033033,-0.7479577539730701,-5.682258020081002,2.99527009674964
535,6.445005005005005,-0.7490999210224225,-5.702170138838164,2.9983946251019233
536,6.456976976976978,-0.7502395803036404,-5.7220999549336184,3.0015172836780524
537,6.46894894894895,-0.7513767419683827,-5.742047440335529,3.0046380762303078
538,6.480920920920922,-0.7525114161086953,-5.762012567101182,3.0077570064983625
539,6.492892892892893,-0.7536436127574612,-5.781995307376453,3.010874078209319
540,6.5048648648648655,-0.7547733418888596,-5.8019956333954665,3.013989295077784
541,6.516836836836838,-0.7559006134188163,-5.822013517480177,3.017102660805926
542,6.528808808808809,-0.7570254372054397,-5.842048932039825,3.0202141790834993
543,6.540780780780781,-0.7581478230494758,-5.862101849570713,3.0233238535879474
544,6.552752752752753,-0.7592677806947329,-5.882172242655645,3.0264316879844277
545,6.564724724724726,-0.7603853198285219,-5.902260083963575,3.0295376859258694
546,6.576696696696698,-0.761500450082081,-5.9223653462492,3.032641851053042
547,6.588668668668669,-0.762613181031004,-5.942488002352565,3.0357441869946062
548,6.600640640640641,-0.7637235221956579,-5.962628025198641,3.0388446973671623
549,6.6126126126126135,-0.7648314830416032,-5.982785387796964,3.0419433857753195
550,6.624584584584585,-0.7659370729800017,-6.002960063241156,3.045040255811722
551,6.636556556556557,-0.7670403013680306,-6.023152024708623,3.0481353110571323
552,6.648528528528529,-0.7681411775092877,-6.043361245460158,3.051228555080483
553,6.660500500500501,-0.7692397106541854,-6.063587698839415,3.054319991438889
554,6.6724724724724735,-0.7703359100003618,-6.083831358272769,3.0574096236777746
555,6.684444444444445,-0.771429784693063,-6.104092197268707,3.0604974553308564
556,6.696416416416417,-0.7725213438255395,-6.124370189417561,3.063583489920236
557,6.708388388388389,-0.7736105964394306,-6.144665308391065,3.0666677309564228
558,6.7203603603603606,-0.7746975515251494,-6.164977527942047,3.0697501819384225
559,6.732332332332333,-0.7757822180222658,-6.185306821904072,3.072830846353777
560,6.744304304304305,-0.7768646048198714,-6.205653164190869,3.0759097276785674
561,6.756276276276277,-0.7779447207569689,-6.226016528796273,3.0789868293775524
562,6.768248248248249,-0.7790225746228284,-6.246396889793612,3.0820621549041487
563,6.780220220220221,-0.780098175157359,-6.266794221335441,3.085135707700512
564,6.792192192192193,-0.7811715310514732,-6.287208497653191,3.0882074911975854
565,6.804164164164165,-0.782242650947439,-6.3076396930566965,3.091277508815124
566,6.816136136136136,-0.7833115434392481,-6.328087781934035,3.0943457639617966
567,6.8281081081081085,-0.784378217072958,-6.34855273875099,3.097412260035187
568,6.840080080080081,-0.7854426803470465,-6.36903453805076,3.1004770004218587
569,6.852052052052053,-0.7865049417127609,-6.389533154453663,3.103539988497423
570,6.864024024024025,-0.787565009574456,-6.410048562656677,3.106601227626551
571,6.875995995995996,-0.7886228922899359,-6.430580737433126,3.1096607211630376
572,6.887967967967969,-0.7896785981708004,-6.451129653632496,3.112718472449893
573,6.899939939939941,-0.7907321354827631,-6.471695286179773,3.1157744848193025
574,6.911911911911912,-0.7917835124459974,-6.492277610075396,3.1188287615927517
575,6.923883883883884,-0.7928327372354578,-6.5128766003947645,3.1218813060810375
576,6.9358558558558565,-0.7938798179812063,-6.533492232287931,3.1249321215843207
577,6.947827827827829,-0.7949247627687381,-6.554124480979304,3.1279812113921825
578,6.959799799799801,-0.7959675796392988,-6.574773321767285,3.131028578783666
579,6.971771771771772,-0.7970082765901977,-6.595438730023858,3.1340742270272988
580,6.983743743743744,-0.7980468615751326,-6.61612068119445,3.137118159381188
581,6.995715715715717,-0.7990833425044878,-6.636819150797382,3.1401603790930155
582,7.007687687687688,-0.8001177272456553,-6.657534114423747,3.14320088940013
583,7.01965965965966,-0.801150023623332,-6.67826554773693,3.1462396935295494
584,7.031631631631632,-0.8021802394198279,-6.699013426472402,3.1492767946980456
585,7.0436036036036045,-0.8032083823753604,-6.719777726437238,3.1523121961121348
586,7.055575575575577,-0.8042344601883648,-6.740558423510086,3.1553459009682125
587,7.067547547547548,-0.8052584805157686,-6.761355493640417,3.158377912452469
588,7.07951951951952,-0.8062804509733124,-6.782168912848766,3.16140823374109
589,7.091491491491492,-0.8073003791358151,-6.802998657225915,3.1644368680001596
590,7.103463463463464,-0.8083182725374699,-6.82384470293278,3.1674638183857637
591,7.115435435435436,-0.8093341386721388,-6.844707026200247,3.1704890880440675
592,7.127407407407408,-0.8103479849936203,-6.8655856033285945,3.1735126801112874
593,7.13937937937938,-0.811359818915941,-6.886480410687401,3.176534597713791
594,7.1513513513513525,-0.812369647813629,-6.907391424715164,3.1795548439681207
595,7.163323323323324,-0.8133774790219849,-6.928318621918894,3.1825734219810036
596,7.175295295295296,-0.814383319837365,-6.949261978874025,3.185590334849455
597,7.187267267267268,-0.8153871775174459,-6.970221472224011,3.1886055856607936
598,7.1992392392392395,-0.8163890592814907,-6.991197078679937,3.1916191774926483
599,7.211211211211212,-0.817388972310622,-7.012188775020423,3.1946311134130685
600,7.223183183183184,-0.818386923748074,-7.033196538091052,3.197641396480475
601,7.235155155155156,-0.8193829206994756,-7.054220344804539,3.200650029743837
602,7.247127127127128,-0.8203769702330804,-7.07526017213982,3.20365701624254
603,7.2590990990991,-0.8213690793800509,-7.096315997142343,3.206662359006584
604,7.271071071071072,-0.8223592551346935,-7.117387796923355,3.2096660610565055
605,7.283043043043044,-0.8233475044547306,-7.138475548660028,3.2126681254035376
606,7.295015015015015,-0.8243338342615273,-7.159579229594667,3.2156685550494997
607,7.3069869869869875,-0.825318251440362,-7.1806988170349015,3.218667352986979
608,7.31895895895896,-0.8263007628406607,-7.20183428835314,3.2216645221992866
609,7.330930930930932,-0.8272813752762452,-7.222985620986385,3.2246600656605295
610,7.342902902902904,-0.8282600955255752,-7.244152792435936,3.227653986335641
611,7.354874874874875,-0.8292369303319846,-7.2653357802670495,3.2306462871804027
612,7.3668468468468475,-0.8302118864039305,-7.286534562108896,3.2336369711415496
613,7.37881881881882,-0.8311849704152136,-7.307749115653922,3.2366260411567014
614,7.390790790790791,-0.8321561890052225,-7.32897941865782,3.2396135001544737
615,7.402762762762763,-0.8331255487791717,-7.350225448939375,3.242599351054542
616,7.414734734734735,-0.8340930563083179,-7.371487184379907,3.245583596767607
617,7.426706706706708,-0.8350587181301973,-7.392764602923157,3.2485662401954674
618,7.43867867867868,-0.8360225407488465,-7.414057682574963,3.2515472842310458
619,7.450650650650651,-0.8369845306350376,-7.4353664014031615,3.2545267317584683
620,7.462622622622623,-0.8379446942264905,-7.456690737537129,3.2575045856530473
621,7.4745945945945955,-0.8389030379280974,-7.478030669167601,3.260480848781344
622,7.486566566566567,-0.8398595681121401,-7.4993861745463635,3.2634555240011887
623,7.498538538538539,-0.8408142911185154,-7.520757231986188,3.2664286141617707
624,7.510510510510511,-0.8417672132549352,-7.54214381986019,3.2694001221035642
625,7.522482482482483,-0.8427183407971626,-7.563545916602156,3.272370050658535
626,7.534454454454456,-0.8436676799891991,-7.584963500705644,3.2753384026499894
627,7.546426426426427,-0.844615237043511,-7.606396550724156,3.2783051808927284
628,7.558398398398399,-0.845561018141237,-7.627845045270835,3.2812703881930707
629,7.570370370370371,-0.8465050294323884,-7.649308963018086,3.2842340273488513
630,7.582342342342343,-0.8474472770360547,-7.670788282697341,3.287196101149464
631,7.594314314314315,-0.8483877670406171,-7.692282983098995,3.2901566123759367
632,7.606286286286287,-0.8493265055039374,-7.713793043071929,3.2931155638009115
633,7.618258258258259,-0.850263498453569,-7.735318441523495,3.2960729581887405
634,7.630230230230231,-0.8511987518869465,-7.756859157419024,3.2990287982954465
635,7.642202202202203,-0.8521322717715876,-7.778415169781771,3.3019830868688174
636,7.654174174174175,-0.8530640640452877,-7.799986457692607,3.3049358266484137
637,7.666146146146147,-0.8539941346163173,-7.821573000289881,3.30788702036563
638,7.678118118118118,-0.854922489363605,-7.843174776768953,3.310836670743669
639,7.690090090090091,-0.8558491341369344,-7.864791766382143,3.313784780497631
640,7.702062062062063,-0.856774074757144,-7.886423948438716,3.3167313523345907
641,7.714034034034035,-0.8576973170162804,-7.908071302303834,3.319676388953427
642,7.726006006006007,-0.8586188666778348,-7.929733807399537,3.3226198930451707
643,7.7379779779779785,-0.8595387294768769,-7.9514114432032965,3.3255618672927203
644,7.749949949949951,-0.8604569111202784,-7.973104189248757,3.3285023143711268
645,7.761921921921923,-0.8613734172868681,-7.994812025124838,3.3314412369474504
646,7.773893893893894,-0.8622882536276281,-8.016534930475961,3.334378637680917
647,7.785865865865866,-0.8632014257658582,-8.03827288500139,3.3373145192228293
648,7.797837837837839,-0.8641129392973771,-8.060025868455641,3.340248884216768
649,7.809809809809811,-0.8650227997906615,-8.081793860647341,3.3431817352983884
650,7.821781781781783,-0.8659310127870657,-8.103576841440118,3.3461130750957344
651,7.833753753753754,-0.8668375838009523,-8.125374790751321,3.3490429062289975
652,7.8457257257257265,-0.8677425183198927,-8.14718768855252,3.351971231310738
653,7.857697697697699,-0.8686458218048311,-8.169015514869091,3.354898052945858
654,7.86966966966967,-0.86954749969024,-8.190858249779732,3.3578233737315752
655,7.881641641641642,-0.8704475573843081,-8.212715873416663,3.3607471962575466
656,7.893613613613614,-0.8713460002690939,-8.234588365965163,3.363669523105849
657,7.9055855855855865,-0.8722428337006982,-8.256475707663451,3.36659035685102
658,7.917557557557559,-0.8731380630094164,-8.27837787880231,3.3695097000600653
659,7.92952952952953,-0.874031693499919,-8.300294859725165,3.3724275552925413
660,7.941501501501502,-0.8749237304513948,-8.322226630827556,3.375343925100522
661,7.953473473473474,-0.8758141791177287,-8.344173172557293,3.378258812028712
662,7.965445445445446,-0.8767030447276443,-8.366134465413856,3.38117221861438
663,7.977417417417418,-0.8775903324848723,-8.388110489948467,3.384084147387459
664,7.98938938938939,-0.8784760475683,-8.41010122676371,3.38699460087053
665,8.001361361361361,-0.8793601951321326,-8.43210665651348,3.389903581578897
666,8.013333333333334,-0.8802427803060441,-8.454126759902653,3.392811092020569
667,8.025305305305306,-0.8811238081953304,-8.476161517687004,3.395717134696342
668,8.037277277277278,-0.8820032838810647,-8.498210910672954,3.398621712099794
669,8.049249249249248,-0.88288121242024,-8.520274919717286,3.401524826717305
670,8.06122122122122,-0.883757598845923,-8.542353525727,3.4044264810280933
671,8.073193193193193,-0.8846324481674067,-8.564446709659236,3.4073266775042774
672,8.085165165165165,-0.88550576537035,-8.586554452520911,3.410225418610866
673,8.097137137137137,-0.886377555416925,-8.60867673536852,3.413122706805777
674,8.10910910910911,-0.8872478232459671,-8.63081353930811,3.4160185445399156
675,8.121081081081082,-0.8881165737731176,-8.652964845495022,3.418912934257182
676,8.133053053053054,-0.8889838118909561,-8.675130635133478,3.4218058783944465
677,8.145025025025024,-0.8898495424691593,-8.69731088947679,3.4246973793816786
678,8.156996996996996,-0.8907137703546264,-8.719505589826813,3.4275874396418784
679,8.168968968968969,-0.891576500371622,-8.741714717533817,3.43047606159113
680,8.18094094094094,-0.8924377373219249,-8.763938253996594,3.433363247638695
681,8.192912912912913,-0.8932974859849555,-8.786176180661995,3.436249000186973
682,8.204884884884885,-0.8941557511179066,-8.808428479024615,3.439133321631501
683,8.216856856856857,-0.8950125374558884,-8.830695130626843,3.4420162143610322
684,8.228828828828828,-0.8958678497120715,-8.852976117058919,3.444897680757627
685,8.2408008008008,-0.8967216925777967,-8.875271419958132,3.447777723196523
686,8.252772772772772,-0.8975740707227223,-8.897581021009033,3.4506563440462674
687,8.264744744744744,-0.8984249887949541,-8.919904901943221,3.453533545668726
688,8.276716716716717,-0.8992744514211771,-8.942243044539193,3.4564093304191217
689,8.288688688688689,-0.9001224632067724,-8.964595430621845,3.4592837006459844
690,8.300660660660661,-0.9009690287359702,-8.98696204206295,3.462156658691335
691,8.312632632632633,-0.9018141525719444,-9.009342860780086,3.46502820689049
692,8.324604604604605,-0.9026578392569715,-9.031737868737359,3.4678983475723157
693,8.336576576576576,-0.903500093312535,-9.05414704794463,3.470767083059101
694,8.348548548548548,-0.9043409192394533,-9.076570380457428,3.4736344156666026
695,8.36052052052052,-0.9051803215180118,-9.099007848377049,3.4765003477041496
696,8.372492492492492,-0.9060183046080758,-9.121459433850081,3.4793648814745826
697,8.384464464464465,-0.9068548729492184,-9.14392511906838,3.48222801927432
698,8.396436436436437,-0.9076900309608426,-9.166404886268932,3.485089763393386
699,8.408408408408409,-0.9085237830422951,-9.1888987177336,3.487950116115431
700,8.42038038038038,-0.9093561335729858,-9.211406595788818,3.4908090797177054
701,8.432352352352352,-0.910187086912516,-9.233928502805815,3.4936666564711873
702,8.444324324324324,-0.9110166474007813,-9.256464421199976,3.4965228486404976
703,8.456296296296296,-0.9118448193581017,-9.279014333431089,3.4993776584840157
704,8.468268268268268,-0.9126716070853315,-9.301578222003002,3.5022310882538696
705,8.48024024024024,-0.9134970148639657,-9.324156069463204,3.505083140195889
706,8.492212212212213,-0.9143210469562704,-9.346747858403154,3.5079338165497638
707,8.504184184184185,-0.9151437076053857,-9.369353571457799,3.510783119548975
708,8.516156156156157,-0.9159650010354405,-9.391973191305494,3.5136310514208478
709,8.528128128128127,-0.9167849314516611,-9.414606700667752,3.516477614386557
710,8.5401001001001,-0.9176035030404894,-9.437254082309297,3.519322810661192
711,8.552072072072072,-0.9184207199696782,-9.459915319037462,3.5221666424536826
712,8.564044044044044,-0.919236586388424,-9.482590393702749,3.5250091119669937
713,8.576016016016016,-0.920051106427451,-9.505279289197926,3.5278502213979674
714,8.587987987987988,-0.9208642841991295,-9.527981988458224,3.5306899729374375
715,8.59995995995996,-0.9216761237975912,-9.55069847446139,3.5335283687702956
716,8.611931931931931,-0.9224866292988184,-9.573428730227043,3.5363654110754026
717,8.623903903903903,-0.9232958047607581,-9.596172738816813,3.53920110202568
718,8.635875875875875,-0.9241036542234253,-9.618930483334081,3.5420354437881056
719,8.647847847847848,-0.9249101817090131,-9.641701946924089,3.544868438523807
720,8.65981981981982,-0.9257153912219817,-9.664487112773319,3.5477000883879657
721,8.671791791791792,-0.9265192867495833,-9.687285964121369,3.550530395532627
722,8.683763763763764,-0.9273218722603441,-9.710098484214832,3.5533593620960793
723,8.695735735735736,-0.9281231517065474,-9.732924656374726,3.556186990218529
724,8.707707707707709,-0.928923129022781,-9.75576446395231,3.559013282031924
725,8.719679679679679,-0.9297218081263934,-9.778617890339024,3.5618382396623036
726,8.731651651651651,-0.93051919291763,-9.801484918967478,3.5646618652301014
727,8.743623623623623,-0.9313152872797033,-9.82436553331042,3.5674841608499466
728,8.755595595595596,-0.9321100950789016,-9.847259716880973,3.57030512863078
729,8.767567567567568,-0.932903620164675,-9.870167453232153,3.573124770675801
730,8.77953953953954,-0.9336958663697567,-9.893088725957497,3.5759430890826702
731,8.791511511511512,-0.9344868375102217,-9.916023518689776,3.5787600859432547
732,8.803483483483483,-0.9352765373856159,-9.938971815101935,3.5815757633439116
733,8.815455455455455,-0.93606496977903,-9.961933598906331,3.5843901233653668
734,8.827427427427427,-0.9368521384571916,-9.984908853854549,3.5872031680827186
735,8.8393993993994,-0.9376380471705735,-10.00789756373773,3.5900148995655745
736,8.851371371371371,-0.9384226996534694,-10.030899712385924,3.5928253198779507
737,8.863343343343344,-0.9392060996240963,-10.053915283668337,3.595634431078387
738,8.875315315315316,-0.9399882507846781,-10.07694426149291,3.5984422352199
739,8.887287287287288,-0.940769156821539,-10.099986629806311,3.6012487343500346
740,8.89925925925926,-0.9415488214051942,-10.12304237259384,3.604053930510896
741,8.91123123123123,-0.9423272481904352,-10.146111473879149,3.6068578257391333
742,8.923203203203203,-0.9431044408164176,-10.169193917724144,3.609660422065976
743,8.935175175175175,-0.9438804029067551,-10.192289688229023,3.612461721517293
744,8.947147147147147,-0.9446551380696004,-10.215398769531879,3.61526172611354
745,8.95911911911912,-0.9454286498977298,-10.238521145808663,3.618060437869826
746,8.971091091091091,-0.946200941968638,-10.261656801273178,3.620857858795943
747,8.983063063063064,-0.9469720178446158,-10.284805720176792,3.6236539908963583
748,8.995035035035034,-0.9477418810728335,-10.307967886808242,3.626448836170222
749,9.007007007007006,-0.9485105351854345,-10.33114328549381,3.629242396611452
750,9.018978978978978,-0.9492779836996088,-10.354331900596867,3.632034674208686
751,9.03095095095095,-0.9500442301176731,-10.377533716517652,3.634825670945275
752,9.042922922922923,-0.9508092779271726,-10.400748717693775,3.6376153887994533
753,9.054894894894895,-0.9515731306009386,-10.423976888599295,3.6404038297441708
754,9.066866866866867,-0.9523357915971876,-10.447218213745161,3.6431909957472457
755,9.07883883883884,-0.9530972643595884,-10.470472677678696,3.6459768887712993
756,9.090810810810812,-0.9538575523173586,-10.493740264983918,3.648761510773869
757,9.102782782782782,-0.9546166588853174,-10.51702096028065,3.651544863707267
758,9.114754754754754,-0.955374587464003,-10.540314748225473,3.6543269495188246
759,9.126726726726726,-0.9561313414397116,-10.563621613510524,3.65710777015069
760,9.138698698698699,-0.9568869241846075,-10.586941540864244,3.659887327540028
761,9.15067067067067,-0.9576413390567702,-10.61027451505036,3.662665623618847
762,9.162642642642643,-0.9583945894002998,-10.633620520868643,3.6654426603142074
763,9.174614614614615,-0.9591466785453816,-10.656979543154458,3.6682184395481805
764,9.186586586586586,-0.9598976098083549,-10.680351566778297,3.670992963237776
765,9.198558558558558,-0.9606473864917937,-10.703736576645971,3.673766233295038
766,9.21053053053053,-0.961396011884588,-10.727134557698573,3.67653825162708
767,9.222502502502502,-0.9621434892620138,-10.750545494912302,3.6793090201360954
768,9.234474474474474,-0.9628898218857957,-10.773969373297952,3.682078540719285
769,9.246446446446447,-0.9636350130041973,-10.797406177901307,3.68484681526899
770,9.258418418418419,-0.9643790658520918,-10.820855893802976,3.6876138456726983
771,9.270390390390391,-0.9651219836510235,-10.844318506117949,3.6903796338129946
772,9.282362362362363,-0.9658637696092797,-10.867793999995413,3.6931441815675634
773,9.294334334334334,-0.9666044269219833,-10.891282360619401,3.695907490809374
774,9.306306306306306,-0.9673439587711372,-10.914783573207709,3.6986695634064826
775,9.318278278278278,-0.9680823683257092,-10.938297623012367,3.70143040122219
776,9.33025025025025,-0.9688196587416985,-10.961824495319297,3.7041900061149935
777,9.342222222222222,-0.9695558331622043,-10.985364175448252,3.7069483799386354
778,9.354194194194195,-0.970290894717502,-11.008916648752868,3.7097055245421386
779,9.366166166166167,-0.9710248465250992,-11.032481900620203,3.7124614417697646
780,9.378138138138137,-0.9717576916898121,-11.0560599164708,3.7152161334610545
781,9.39011011011011,-0.9724894333038321,-11.079650681758643,3.717969601450875
782,9.402082082082082,-0.9732200744467967,-11.103254181971085,3.7207218475694344
783,9.414054054054054,-0.9739496181858472,-11.126870402628427,3.723472873642234
784,9.426026026026026,-0.9746780675756959,-11.150499329283923,3.7262226814901185
785,9.437997997997998,-0.9754054256587129,-11.174140947524265,3.728971272929415
786,9.44996996996997,-0.9761316954649546,-11.197795242968269,3.73171864977169
787,9.461941941941943,-0.9768568800122652,-11.221462201267999,3.734464813824033
788,9.473913913913915,-0.9775809823063122,-11.245141808107652,3.737209766888859
789,9.485885885885885,-0.9783040053406705,-11.268834049204134,3.7399535107640705
790,9.497857857857857,-0.9790259520968831,-11.292538910306837,3.7426960472430486
791,9.50982982982983,-0.9797468255445112,-11.31625637719708,3.74543737811458
792,9.521801801801802,-0.9804666286412149,-11.339986435688596,3.748177505162987
793,9.533773773773774,-0.9811853643328017,-11.363729071626961,3.7509164301680586
794,9.545745745745746,-0.9819030355532999,-11.387484270889843,3.753654154905135
795,9.557717717717718,-0.9826196452250111,-11.411252019386602,3.7563906811450627
796,9.569689689689689,-0.9833351962585769,-11.435032303058355,3.759126010654249
797,9.581661661661661,-0.9840496915530355,-11.458825107877725,3.761860145194645
798,9.593633633633633,-0.9847631339958908,-11.482630419849007,3.7645930865238184
799,9.605605605605605,-0.9854755264631612,-11.506448225007714,3.767324836394899
800,9.617577577577578,-0.9861868718194511,-11.53027850942082,3.770055396556664
801,9.62954954954955,-0.9868971729179965,-11.554121259186212,3.7727847687534597
802,9.641521521521522,-0.9876064326007375,-11.577976460433064,3.775512954725324
803,9.653493493493494,-0.9883146536983696,-11.601844099321433,3.778239956207931
804,9.665465465465466,-0.9890218390304097,-11.625724162042465,3.780965774932674
805,9.677437437437437,-0.9897279914052329,-11.64961663481754,3.7836904126265245
806,9.689409409409409,-0.9904331136201565,-11.673521503899124,3.7864138710122477
807,9.701381381381381,-0.9911372084614899,-11.697438755570333,3.789136151808344
808,9.713353353353353,-0.9918402787045757,-11.721368376144376,3.7918572567289726
809,9.725325325325326,-0.9925423271138617,-11.745310351964934,3.7945771874840606
810,9.737297297297298,-0.9932433564429541,-11.769264669405995,3.797295945779316
811,9.74926926926927,-0.9939433694346765,-11.793231314871859,3.8000135333162515
812,9.76124124124124,-0.9946423688211081,-11.817210274796409,3.8027299517920787
813,9.773213213213213,-0.9953403573236677,-11.841201535644085,3.8054452028999393
814,9.785185185185185,-0.9960373376531341,-11.865205083908528,3.8081592883286572
815,9.797157157157157,-0.9967333125097352,-11.889220906113728,3.8108722097630214
816,9.80912912912913,-0.9974282845831732,-11.913248988812924,3.8135839688835853
817,9.821101101101101,-0.9981222565526995,-11.937289318589217,3.816294567366828
818,9.833073073073074,-0.9988152310871454,-11.961341882054716,3.819004006885011
819,9.845045045045046,-0.9995072108450028,-11.985406665851409,3.8217122891064017
820,9.857017017017018,-1.0001981984744563,-12.00948365665035,3.824419415695129
821,9.868988988988988,-1.0008881966134344,-12.033572841151447,3.827125388311177
822,9.88096096096096,-1.0015772078896823,-12.05767420608426,3.829830208610588
823,9.892932932932933,-1.002265234920792,-12.081787738206986,3.83253387824528
824,9.904904904904905,-1.0029522803142572,-12.105913424306573,3.835236398863105
825,9.916876876876877,-1.0036383466675363,-12.130051251199044,3.837937772107955
826,9.92884884884885,-1.0043234365680904,-12.154201205728938,3.840637999619673
827,9.940820820820822,-1.0050075525934448,-12.178363274769598,3.843337083034148
828,9.952792792792792,-1.0056906973112252,-12.202537445222651,3.846035023983244
829,9.964764764764764,-1.006372873279218,-12.226723704018196,3.8487318240948634
830,9.976736736736736,-1.0070540830454195,-12.250922038114778,3.8514274849929855
831,9.988708708708709,-1.0077343291480771,-12.275132434498964,3.854122008297599
832,10.00068068068068,-1.0084136141157418,-12.299354880185453,3.856815395624768
833,10.012652652652653,-1.0090919404673295,-12.323589362217332,3.8595076485867086
834,10.024624624624625,-1.0097693107121484,-12.347835867665363,3.8621987687916834
835,10.036596596596597,-1.0104457273499552,-12.372094383628111,3.8648887578440494
836,10.04856856856857,-1.0111211928710127,-12.3963648972322,3.867577617344347
837,10.06054054054054,-1.0117957097561192,-12.420647395631638,3.870265348889196
838,10.072512512512512,-1.0124692804766677,-12.444941866008126,3.8729519540713837
839,10.084484484484484,-1.0131419074946941,-12.469248295571077,3.8756374344799127
840,10.096456456456457,-1.0138135932629133,-12.493566671557028,3.8783217916998893
841,10.108428428428429,-1.0144843402247723,-12.517896981229937,3.8810050273126384
842,10.120400400400401,-1.0151541508144926,-12.54223921188093,3.883687142895672
843,10.132372372372373,-1.0158230274571292,-12.566593350828619,3.886368140022782
844,10.144344344344344,-1.0164909725685958,-12.590959385418431,3.8890480202639424
845,10.156316316316316,-1.0171579885557194,-12.61533730302273,3.8917267851853556
846,10.168288288288288,-1.0178240778162857,-12.639727091040807,3.8944044363494847
847,10.18026026026026,-1.018489242739082,-12.66412873689878,3.897080975315068
848,10.192232232232232,-1.0191534857039468,-12.688542228049636,3.899756403637149
849,10.204204204204204,-1.019816809081801,-12.71296755197271,3.9024307228670048
850,10.216176176176177,-1.0204792152347046,-12.737404696174064,3.9051039345522507
851,10.228148148148149,-1.0211407065158962,-12.761853648186248,3.9077760402368233
852,10.240120120120121,-1.0218012852698342,-12.78631439556822,3.910447041460996
853,10.252092092092091,-1.0224609538322382,-12.81078692590511,3.913116939761353
854,10.264064064064064,-1.0231197145301427,-12.835271226808564,3.915785736670895
855,10.276036036036036,-1.0237775696819102,-12.859767285915636,3.9184534337188417
856,10.288008008008008,-1.0244345215973185,-12.884275090890288,3.9211200324309594
857,10.29997997997998,-1.0250905725775652,-12.908794629422038,3.9237855343293293
858,10.311951951951952,-1.025745724915324,-12.933325889226284,3.926449940932422
859,10.323923923923925,-1.0263999808947835,-12.957868858044234,3.9291132537551308
860,10.335895895895895,-1.0270533427916917,-12.98242352364292,3.931775474308796
861,10.347867867867867,-1.0277058128733951,-13.006989873815021,3.934436604101188
862,10.35983983983984,-1.0283573933988746,-13.031567896378638,3.9370966446365063
863,10.371811811811812,-1.0290080866187936,-13.056157579177494,3.939755597415436
864,10.383783783783784,-1.0296578947755333,-13.08075891008064,3.942413463935118
865,10.395755755755756,-1.0303068201032308,-13.105371876982403,3.945070245689177
866,10.407727727727728,-1.0309548648278275,-13.12999646780252,3.9477259441677597
867,10.4196996996997,-1.0316020311670955,-13.154632670485572,3.950380560857455
868,10.431671671671673,-1.0322483213306939,-13.179280473001675,3.953034097241467
869,10.443643643643643,-1.0328937375201914,-13.203939863345674,3.9556865547994717
870,10.455615615615615,-1.0335382819291117,-13.228610829537296,3.958337935007676
871,10.467587587587587,-1.034181956742973,-13.253293359621255,3.9609882393388753
872,10.47955955955956,-1.0348247641393251,-13.277987441666905,3.963637469262392
873,10.491531531531532,-1.0354667062877896,-13.302693063768483,3.96628562624417
874,10.503503503503504,-1.0361077853500917,-13.327410214044622,3.96893271174669
875,10.515475475475476,-1.0367480034801069,-13.352138880638693,3.9715787272290735
876,10.527447447447447,-1.0373873628238914,-13.376879051718518,3.974223674147051
877,10.539419419419419,-1.0380258655197174,-13.401630715476099,3.9768675539529257
878,10.551391391391391,-1.0386635136981224,-13.426393860128094,3.9795103680957014
879,10.563363363363363,-1.0393003094819269,-13.451168473914956,3.982152118020935
880,10.575335335335335,-1.0399362549862905,-13.475954545101766,3.9847928051709367
881,10.587307307307308,-1.040571352318736,-13.500752061977428,3.9874324309846134
882,10.59927927927928,-1.0412056035791852,-13.525561012854826,3.990070996897556
883,10.611251251251252,-1.041839010860006,-13.550381386071058,3.9927085043420822
884,10.623223223223224,-1.0424715762460317,-13.575213169986755,3.995344954747149
885,10.635195195195195,-1.0431033018146112,-13.600056352986577,3.997980349538463
886,10.647167167167167,-1.0437341896356362,-13.624910923478787,4.000614690138421
887,10.659139139139139,-1.0443642417715817,-13.649776869895542,4.003247977966207
888,10.671111111111111,-1.0449934602775293,-13.674654180692118,4.005880214437645
889,10.683083083083083,-1.0456218472012166,-13.699542844347684,4.008511400965389
890,10.695055055055056,-1.0462494045830613,-13.724442849364621,4.011141538958813
891,10.707027027027028,-1.0468761344562065,-13.749354184268961,4.0137706298241085
892,10.718998998998998,-1.0475020388465355,-13.774276837609596,4.016398674964175
893,10.73097097097097,-1.0481271197727347,-13.799210797959287,4.019025675778825
894,10.742942942942943,-1.048751379246286,-13.824156053912986,4.021651633664486
895,10.754914914914915,-1.0493748192715449,-13.84911259408959,4.024276550014572
896,10.766886886886887,-1.0499974418457445,-13.87408040713056,4.026900426219223
897,10.77885885885886,-1.0506192489590396,-13.899059481700446,4.02952326366545
898,10.790830830830831,-1.0512402425945426,-13.924049806486904,4.03214506373715
899,10.802802802802804,-1.0518604247283405,-13.949051370199903,4.034765827814977
900,10.814774774774776,-1.052479797329538,-13.97406416157216,4.037385557276449
901,10.826746746746746,-1.0530983623603014,-13.999088169359581,4.040004253496067
902,10.838718718718718,-1.05371612177587,-14.024123382340262,4.042621917845135
903,10.85069069069069,-1.0543330775246023,-14.049169789314995,4.04523855169187
904,10.862662662662663,-1.0549492315479934,-14.074227379106752,4.0478541564013595
905,10.874634634634635,-1.0555645857807248,-14.09929614056118,4.050468733335641
906,10.886606606606607,-1.056179142150688,-14.124376062546338,4.053082283853703
907,10.89857857857858,-1.0567929025790068,-14.149467133952191,4.055694809311391
908,10.91055055055055,-1.0574058689800752,-14.17456934369088,4.0583063110614965
909,10.922522522522522,-1.058018043261601,-14.199682680697189,4.06091679045386
910,10.934494494494494,-1.0586294273246142,-14.224807133927444,4.063526248835186
911,10.946466466466466,-1.0592400230635122,-14.249942692360193,4.066134687549192
912,10.958438438438439,-1.0598498323660832,-14.27508934499581,4.068742107936561
913,10.97041041041041,-1.0604588571135478,-14.300247080856796,4.071348511335016
914,10.982382382382383,-1.0610670991805675,-14.325415888986988,4.07395389907919
915,10.994354354354355,-1.0616745604352933,-14.35059575845219,4.076558272500775
916,11.006326326326327,-1.0622812427393893,-14.375786678339841,4.079161632928475
917,11.018298298298298,-1.062887147948069,-14.400988637759236,4.081763981688068
918,11.03027027027027,-1.063492277910109,-14.426201625840859,4.084365320102307
919,11.042242242242242,-1.06409663446789,-14.451425631736768,4.086965649491011
920,11.054214214214214,-1.0647002194574218,-14.476660644620365,4.089564971171042
921,11.066186186186187,-1.0653030347083783,-14.5019066536866,4.092163286456363
922,11.078158158158159,-1.0659050820441174,-14.527163648151552,4.094760596657989
923,11.090130130130131,-1.066506363281712,-14.552431617252449,4.097356903084001
924,11.102102102102101,-1.0671068802319899,-14.577710550248089,4.099952207039655
925,11.114074074074074,-1.0677066346995336,-14.6030004364176,4.102546509827158
926,11.126046046046046,-1.0683056284827512,-14.628301265062152,4.105139812746026
927,11.138018018018018,-1.0689038633738526,-14.653613025502777,4.107732117092686
928,11.14998998998999,-1.0695013411589258,-14.678935707082246,4.110323424160843
929,11.161961961961962,-1.0700980636179358,-14.704269299163926,4.1129137352413006
930,11.173933933933935,-1.0706940325247534,-14.72961379113169,4.115503051621956
931,11.185905905905907,-1.0712892496472004,-14.754969172390645,4.118091374587957
932,11.197877877877879,-1.0718837167470583,-14.780335432366229,4.120678705421549
933,11.20984984984985,-1.0724774355801001,-14.80571256050451,4.1232650454021655
934,11.221821821821822,-1.0730704078961226,-14.831100546272147,4.125850395806421
935,11.233793793793794,-1.0736626354389667,-14.856499379156258,4.128434757908128
936,11.245765765765766,-1.074254119946553,-14.881909048664603,4.13101813297833
937,11.257737737737738,-1.0748448631508891,-14.907329544324762,4.13360052228518
938,11.26970970970971,-1.075434866778123,-14.932760855685256,4.136181927094171
939,11.281681681681683,-1.0760241325485458,-14.958202972314453,4.138762348667942
940,11.293653653653653,-1.0766126621766245,-14.983655883800816,4.141341788266354
941,11.305625625625625,-1.0772004573710428,-15.009119579753493,4.143920247146612
942,11.317597597597597,-1.0777875198346991,-15.034594049801056,4.146497726563051
943,11.32956956956957,-1.0783738512647605,-15.06007928359267,4.149074227767379
944,11.341541541541542,-1.078959453352659,-15.085575270796769,4.151649752008438
945,11.353513513513514,-1.0795443277841494,-15.111082001102476,4.154224300532503
946,11.365485485485486,-1.0801284762393029,-15.136599464218017,4.156797874582987
947,11.377457457457458,-1.0807119003925527,-15.162127649871758,4.15937047540067
948,11.38942942942943,-1.081294601912716,-15.187666547811922,4.1619421042236615
949,11.401401401401401,-1.0818765824630134,-15.213216147806248,4.164512762287345
950,11.413373373373373,-1.0824578437010883,-15.23877643964182,4.167082450824374
951,11.425345345345345,-1.0830383872790479,-15.264347413125689,4.169651171064812
952,11.437317317317317,-1.083618214843475,-15.28992905808424,4.172218924236022
953,11.44928928928929,-1.0841973280354567,-15.315521364363379,4.174785711562725
954,11.461261261261262,-1.0847757284905999,-15.341124321828007,4.177351534266915
955,11.473233233233234,-1.0853534178390756,-15.366737920363057,4.179916393568086
956,11.485205205205204,-1.085930397705616,-15.39236214987203,4.1824802906829595
957,11.497177177177177,-1.0865066697095647,-15.417997000278296,4.185043226825756
958,11.509149149149149,-1.0870822354648702,-15.443642461523595,4.187605203207928
959,11.521121121121121,-1.087657096580146,-15.469298523569673,4.19016622103849
960,11.533093093093093,-1.0882312546586623,-15.494965176396772,4.19272628152375
961,11.545065065065065,-1.0888047112983823,-15.5206424100042,4.19528538586743
962,11.557037037037038,-1.0893774680919803,-15.546330214410094,4.197843535270653
963,11.56900900900901,-1.089949526626884,-15.572028579652072,4.2004007309320635
964,11.580980980980982,-1.090520888485262,-15.597737495785848,4.202956974047608
965,11.592952952952952,-1.0910915552440752,-15.623456952886196,4.205512265810713
966,11.604924924924925,-1.0916615284750921,-15.649186941046846,4.2080666074123005
967,11.616896896896897,-1.0922308097449098,-15.674927450380132,4.210620000040725
968,11.628868868868869,-1.0927994006149748,-15.700678471016968,4.213172444881796
969,11.640840840840841,-1.0933673026415964,-15.72643999310647,4.215723943118727
970,11.652812812812813,-1.093934517375993,-15.75221200681682,4.218274495932299
971,11.664784784784786,-1.0945010463642895,-15.777994502334295,4.220824104500713
972,11.676756756756756,-1.0950668911475612,-15.803787469864114,4.223372769999762
973,11.688728728728728,-1.0956320532618284,-15.829590899629165,4.225920493602606
974,11.7007007007007,-1.096196534238102,-15.855404781870982,4.228467276479968
975,11.712672672672673,-1.0967603356023956,-15.881229106849458,4.231013119800112
976,11.724644644644645,-1.0973234588757468,-15.907063864842586,4.233558024728798
977,11.736616616616617,-1.0978859055742414,-15.932909046146596,4.236101992429326
978,11.74858858858859,-1.098447677209025,-15.9587646410756,4.2386450240624995
979,11.760560560560561,-1.099008775286341,-15.984630639962084,4.2411871207867105
980,11.772532532532534,-1.0995692013075342,-16.01050703315628,4.243728283757869
981,11.784504504504504,-1.1001289567690806,-16.036393811026414,4.246268514129439
982,11.796476476476476,-1.1006880431626151,-16.062290963959025,4.24880781305253
983,11.808448448448448,-1.1012464619749318,-16.088198482357853,4.2513461816756974
984,11.82042042042042,-1.1018042146880231,-16.11411635664488,4.253883621145163
985,11.832392392392393,-1.1023613027790917,-16.140044577259737,4.256420132604714
986,11.844364364364365,-1.1029177277205682,-16.16598313465948,4.25895571719568
987,11.856336336336337,-1.1034734909801511,-16.191932019319626,4.261490376057135
988,11.868308308308308,-1.1040285940207937,-16.217891221732454,4.264024110325614
989,11.88028028028028,-1.1045830383007529,-16.243860732408297,4.26655692113535
990,11.892252252252252,-1.1051368252735856,-16.26984054187444,4.269088809618101
991,11.904224224224224,-1.1056899563881988,-16.29583064067648,4.27161977690341
992,11.916196196196196,-1.1062424330888372,-16.321831019376713,4.274149824118318
993,11.928168168168169,-1.106794256815122,-16.347841668555137,4.276678952387582
994,11.94014014014014,-1.1073454290020641,-16.373862578808968,4.279207162833584
995,11.952112112112113,-1.107895951080087,-16.399893740752848,4.281734456576399
996,11.964084084084085,-1.108445824475037,-16.42593514501823,4.284260834733676
997,11.976056056056056,-1.108995050608219,-16.451986782254384,4.286786298420871
998,11.988028028028028,-1.1095436308963968,-16.47804864312714,4.289310848750999
999,12.0,-1.1100915667518223,-16.504120718319598,4.291834486834803
